city,CLV_mesatar
Chicago,59082.750000
New York,67291.750000
Philadelph,31163.500000
San Antoni,90146.000000
San Jose,136801.500000
